icd10,edit_type,sex,age_min,age_max,action,cc_override,model_name,description
D66,sex,2,,,override,112,CMS-HCC Model V28,V28 sex=2 -> CC112
D67,sex,2,,,override,112,CMS-HCC Model V28,V28 sex=2 -> CC112
J410,age,,,17,invalid,,CMS-HCC Model V28,V28 age<18 -> invalid
J411,age,,,17,invalid,,CMS-HCC Model V28,V28 age<18 -> invalid
J418,age,,,17,invalid,,CMS-HCC Model V28,V28 age<18 -> invalid
J42,age,,,17,invalid,,CMS-HCC Model V28,V28 age<18 -> invalid
J430,age,,,17,invalid,,CMS-HCC Model V28,V28 age<18 -> invalid
J431,age,,,17,invalid,,CMS-HCC Model V28,V28 age<18 -> invalid
J432,age,,,17,invalid,,CMS-HCC Model V28,V28 age<18 -> invalid
J438,age,,,17,invalid,,CMS-HCC Model V28,V28 age<18 -> invalid
J439,age,,,17,invalid,,CMS-HCC Model V28,V28 age<18 -> invalid
J440,age,,,17,invalid,,CMS-HCC Model V28,V28 age<18 -> invalid
J441,age,,,17,invalid,,CMS-HCC Model V28,V28 age<18 -> invalid
J449,age,,,17,invalid,,CMS-HCC Model V28,V28 age<18 -> invalid
J982,age,,,17,invalid,,CMS-HCC Model V28,V28 age<18 -> invalid
J983,age,,,17,invalid,,CMS-HCC Model V28,V28 age<18 -> invalid
J4481,age,,,17,invalid,,CMS-HCC Model V28,V28 age<18 -> invalid
J4489,age,,,17,invalid,,CMS-HCC Model V28,V28 age<18 -> invalid
C50011,age,,,49,override,22,CMS-HCC Model V28,V28 age<50 -> CC22
C50012,age,,,49,override,22,CMS-HCC Model V28,V28 age<50 -> CC22
C50019,age,,,49,override,22,CMS-HCC Model V28,V28 age<50 -> CC22
C50021,age,,,49,override,22,CMS-HCC Model V28,V28 age<50 -> CC22
C50022,age,,,49,override,22,CMS-HCC Model V28,V28 age<50 -> CC22
C50029,age,,,49,override,22,CMS-HCC Model V28,V28 age<50 -> CC22
C50111,age,,,49,override,22,CMS-HCC Model V28,V28 age<50 -> CC22
C50112,age,,,49,override,22,CMS-HCC Model V28,V28 age<50 -> CC22
C50119,age,,,49,override,22,CMS-HCC Model V28,V28 age<50 -> CC22
C50121,age,,,49,override,22,CMS-HCC Model V28,V28 age<50 -> CC22
C50122,age,,,49,override,22,CMS-HCC Model V28,V28 age<50 -> CC22
C50129,age,,,49,override,22,CMS-HCC Model V28,V28 age<50 -> CC22
C50211,age,,,49,override,22,CMS-HCC Model V28,V28 age<50 -> CC22
C50212,age,,,49,override,22,CMS-HCC Model V28,V28 age<50 -> CC22
C50219,age,,,49,override,22,CMS-HCC Model V28,V28 age<50 -> CC22
C50221,age,,,49,override,22,CMS-HCC Model V28,V28 age<50 -> CC22
C50222,age,,,49,override,22,CMS-HCC Model V28,V28 age<50 -> CC22
C50229,age,,,49,override,22,CMS-HCC Model V28,V28 age<50 -> CC22
C50311,age,,,49,override,22,CMS-HCC Model V28,V28 age<50 -> CC22
C50312,age,,,49,override,22,CMS-HCC Model V28,V28 age<50 -> CC22
C50319,age,,,49,override,22,CMS-HCC Model V28,V28 age<50 -> CC22
C50321,age,,,49,override,22,CMS-HCC Model V28,V28 age<50 -> CC22
C50322,age,,,49,override,22,CMS-HCC Model V28,V28 age<50 -> CC22
C50329,age,,,49,override,22,CMS-HCC Model V28,V28 age<50 -> CC22
C50411,age,,,49,override,22,CMS-HCC Model V28,V28 age<50 -> CC22
C50412,age,,,49,override,22,CMS-HCC Model V28,V28 age<50 -> CC22
C50419,age,,,49,override,22,CMS-HCC Model V28,V28 age<50 -> CC22
C50421,age,,,49,override,22,CMS-HCC Model V28,V28 age<50 -> CC22
C50422,age,,,49,override,22,CMS-HCC Model V28,V28 age<50 -> CC22
C50429,age,,,49,override,22,CMS-HCC Model V28,V28 age<50 -> CC22
C50511,age,,,49,override,22,CMS-HCC Model V28,V28 age<50 -> CC22
C50512,age,,,49,override,22,CMS-HCC Model V28,V28 age<50 -> CC22
C50519,age,,,49,override,22,CMS-HCC Model V28,V28 age<50 -> CC22
C50521,age,,,49,override,22,CMS-HCC Model V28,V28 age<50 -> CC22
C50522,age,,,49,override,22,CMS-HCC Model V28,V28 age<50 -> CC22
C50529,age,,,49,override,22,CMS-HCC Model V28,V28 age<50 -> CC22
C50611,age,,,49,override,22,CMS-HCC Model V28,V28 age<50 -> CC22
C50612,age,,,49,override,22,CMS-HCC Model V28,V28 age<50 -> CC22
C50619,age,,,49,override,22,CMS-HCC Model V28,V28 age<50 -> CC22
C50621,age,,,49,override,22,CMS-HCC Model V28,V28 age<50 -> CC22
C50622,age,,,49,override,22,CMS-HCC Model V28,V28 age<50 -> CC22
C50629,age,,,49,override,22,CMS-HCC Model V28,V28 age<50 -> CC22
C50811,age,,,49,override,22,CMS-HCC Model V28,V28 age<50 -> CC22
C50812,age,,,49,override,22,CMS-HCC Model V28,V28 age<50 -> CC22
C50819,age,,,49,override,22,CMS-HCC Model V28,V28 age<50 -> CC22
C50821,age,,,49,override,22,CMS-HCC Model V28,V28 age<50 -> CC22
C50822,age,,,49,override,22,CMS-HCC Model V28,V28 age<50 -> CC22
C50829,age,,,49,override,22,CMS-HCC Model V28,V28 age<50 -> CC22
C50911,age,,,49,override,22,CMS-HCC Model V28,V28 age<50 -> CC22
C50912,age,,,49,override,22,CMS-HCC Model V28,V28 age<50 -> CC22
C50919,age,,,49,override,22,CMS-HCC Model V28,V28 age<50 -> CC22
C50921,age,,,49,override,22,CMS-HCC Model V28,V28 age<50 -> CC22
C50922,age,,,49,override,22,CMS-HCC Model V28,V28 age<50 -> CC22
C50929,age,,,49,override,22,CMS-HCC Model V28,V28 age<50 -> CC22
C50A0,age,,,49,override,22,CMS-HCC Model V28,V28 age<50 -> CC22
C50A1,age,,,49,override,22,CMS-HCC Model V28,V28 age<50 -> CC22
C50A2,age,,,49,override,22,CMS-HCC Model V28,V28 age<50 -> CC22
P040,age,,2,,invalid,,CMS-HCC Model V28,V28 age>=2 -> invalid
P041,age,,2,,invalid,,CMS-HCC Model V28,V28 age>=2 -> invalid
P0411,age,,2,,invalid,,CMS-HCC Model V28,V28 age>=2 -> invalid
P0412,age,,2,,invalid,,CMS-HCC Model V28,V28 age>=2 -> invalid
P0413,age,,2,,invalid,,CMS-HCC Model V28,V28 age>=2 -> invalid
P0414,age,,2,,invalid,,CMS-HCC Model V28,V28 age>=2 -> invalid
P0415,age,,2,,invalid,,CMS-HCC Model V28,V28 age>=2 -> invalid
P0416,age,,2,,invalid,,CMS-HCC Model V28,V28 age>=2 -> invalid
P0417,age,,2,,invalid,,CMS-HCC Model V28,V28 age>=2 -> invalid
P0418,age,,2,,invalid,,CMS-HCC Model V28,V28 age>=2 -> invalid
P0419,age,,2,,invalid,,CMS-HCC Model V28,V28 age>=2 -> invalid
P041A,age,,2,,invalid,,CMS-HCC Model V28,V28 age>=2 -> invalid
P042,age,,2,,invalid,,CMS-HCC Model V28,V28 age>=2 -> invalid
P043,age,,2,,invalid,,CMS-HCC Model V28,V28 age>=2 -> invalid
P0440,age,,2,,invalid,,CMS-HCC Model V28,V28 age>=2 -> invalid
P0441,age,,2,,invalid,,CMS-HCC Model V28,V28 age>=2 -> invalid
P0442,age,,2,,invalid,,CMS-HCC Model V28,V28 age>=2 -> invalid
P0449,age,,2,,invalid,,CMS-HCC Model V28,V28 age>=2 -> invalid
P045,age,,2,,invalid,,CMS-HCC Model V28,V28 age>=2 -> invalid
P046,age,,2,,invalid,,CMS-HCC Model V28,V28 age>=2 -> invalid
P048,age,,2,,invalid,,CMS-HCC Model V28,V28 age>=2 -> invalid
P0481,age,,2,,invalid,,CMS-HCC Model V28,V28 age>=2 -> invalid
P0489,age,,2,,invalid,,CMS-HCC Model V28,V28 age>=2 -> invalid
P049,age,,2,,invalid,,CMS-HCC Model V28,V28 age>=2 -> invalid
P270,age,,2,,invalid,,CMS-HCC Model V28,V28 age>=2 -> invalid
P271,age,,2,,invalid,,CMS-HCC Model V28,V28 age>=2 -> invalid
P278,age,,2,,invalid,,CMS-HCC Model V28,V28 age>=2 -> invalid
P279,age,,2,,invalid,,CMS-HCC Model V28,V28 age>=2 -> invalid
P930,age,,2,,invalid,,CMS-HCC Model V28,V28 age>=2 -> invalid
P938,age,,2,,invalid,,CMS-HCC Model V28,V28 age>=2 -> invalid
P961,age,,2,,invalid,,CMS-HCC Model V28,V28 age>=2 -> invalid
P962,age,,2,,invalid,,CMS-HCC Model V28,V28 age>=2 -> invalid
D66,sex,2,,,override,48,CMS-HCC Model V22,V22 sex=2 -> CC48
D67,sex,2,,,override,48,CMS-HCC Model V22,V22 sex=2 -> CC48
J410,age,,,17,override,112,CMS-HCC Model V22,V22 age<18 -> CC112
J411,age,,,17,override,112,CMS-HCC Model V22,V22 age<18 -> CC112
J418,age,,,17,override,112,CMS-HCC Model V22,V22 age<18 -> CC112
J42,age,,,17,override,112,CMS-HCC Model V22,V22 age<18 -> CC112
J430,age,,,17,override,112,CMS-HCC Model V22,V22 age<18 -> CC112
J431,age,,,17,override,112,CMS-HCC Model V22,V22 age<18 -> CC112
J432,age,,,17,override,112,CMS-HCC Model V22,V22 age<18 -> CC112
J438,age,,,17,override,112,CMS-HCC Model V22,V22 age<18 -> CC112
J439,age,,,17,override,112,CMS-HCC Model V22,V22 age<18 -> CC112
J440,age,,,17,override,112,CMS-HCC Model V22,V22 age<18 -> CC112
J441,age,,,17,override,112,CMS-HCC Model V22,V22 age<18 -> CC112
J449,age,,,17,override,112,CMS-HCC Model V22,V22 age<18 -> CC112
J982,age,,,17,override,112,CMS-HCC Model V22,V22 age<18 -> CC112
J983,age,,,17,override,112,CMS-HCC Model V22,V22 age<18 -> CC112
J4481,age,,,17,override,112,CMS-HCC Model V22,V22 age<18 -> CC112
J4489,age,,,17,override,112,CMS-HCC Model V22,V22 age<18 -> CC112
F3481,age,,19,5,invalid,,CMS-HCC Model V22,V22 invalid outside age 6-18 -> invalid
D66,sex,2,,,override,48,CMS-HCC Model V24,V24 sex=2 -> CC48
D67,sex,2,,,override,48,CMS-HCC Model V24,V24 sex=2 -> CC48
J410,age,,,17,override,112,CMS-HCC Model V24,V24 age<18 -> CC112
J411,age,,,17,override,112,CMS-HCC Model V24,V24 age<18 -> CC112
J418,age,,,17,override,112,CMS-HCC Model V24,V24 age<18 -> CC112
J42,age,,,17,override,112,CMS-HCC Model V24,V24 age<18 -> CC112
J430,age,,,17,override,112,CMS-HCC Model V24,V24 age<18 -> CC112
J431,age,,,17,override,112,CMS-HCC Model V24,V24 age<18 -> CC112
J432,age,,,17,override,112,CMS-HCC Model V24,V24 age<18 -> CC112
J438,age,,,17,override,112,CMS-HCC Model V24,V24 age<18 -> CC112
J439,age,,,17,override,112,CMS-HCC Model V24,V24 age<18 -> CC112
J440,age,,,17,override,112,CMS-HCC Model V24,V24 age<18 -> CC112
J441,age,,,17,override,112,CMS-HCC Model V24,V24 age<18 -> CC112
J449,age,,,17,override,112,CMS-HCC Model V24,V24 age<18 -> CC112
J982,age,,,17,override,112,CMS-HCC Model V24,V24 age<18 -> CC112
J983,age,,,17,override,112,CMS-HCC Model V24,V24 age<18 -> CC112
J4481,age,,,17,override,112,CMS-HCC Model V24,V24 age<18 -> CC112
J4489,age,,,17,override,112,CMS-HCC Model V24,V24 age<18 -> CC112
F3481,age,,19,5,invalid,,CMS-HCC Model V24,V24 invalid outside age 6-18 -> invalid
D66,sex,2,,,override,48,CMS-HCC ESRD Model V24,ESRD V24 sex=2 -> CC48
D67,sex,2,,,override,48,CMS-HCC ESRD Model V24,ESRD V24 sex=2 -> CC48
J410,age,,,17,override,112,CMS-HCC ESRD Model V24,ESRD V24 age<18 -> CC112
J411,age,,,17,override,112,CMS-HCC ESRD Model V24,ESRD V24 age<18 -> CC112
J418,age,,,17,override,112,CMS-HCC ESRD Model V24,ESRD V24 age<18 -> CC112
J42,age,,,17,override,112,CMS-HCC ESRD Model V24,ESRD V24 age<18 -> CC112
J430,age,,,17,override,112,CMS-HCC ESRD Model V24,ESRD V24 age<18 -> CC112
J431,age,,,17,override,112,CMS-HCC ESRD Model V24,ESRD V24 age<18 -> CC112
J432,age,,,17,override,112,CMS-HCC ESRD Model V24,ESRD V24 age<18 -> CC112
J438,age,,,17,override,112,CMS-HCC ESRD Model V24,ESRD V24 age<18 -> CC112
J439,age,,,17,override,112,CMS-HCC ESRD Model V24,ESRD V24 age<18 -> CC112
J440,age,,,17,override,112,CMS-HCC ESRD Model V24,ESRD V24 age<18 -> CC112
J441,age,,,17,override,112,CMS-HCC ESRD Model V24,ESRD V24 age<18 -> CC112
J449,age,,,17,override,112,CMS-HCC ESRD Model V24,ESRD V24 age<18 -> CC112
J982,age,,,17,override,112,CMS-HCC ESRD Model V24,ESRD V24 age<18 -> CC112
J983,age,,,17,override,112,CMS-HCC ESRD Model V24,ESRD V24 age<18 -> CC112
J4481,age,,,17,override,112,CMS-HCC ESRD Model V24,ESRD V24 age<18 -> CC112
J4489,age,,,17,override,112,CMS-HCC ESRD Model V24,ESRD V24 age<18 -> CC112
F3481,age,,19,5,invalid,,CMS-HCC ESRD Model V24,ESRD V24 invalid outside age 6-18 -> invalid
D66,sex,2,,,override,48,CMS-HCC ESRD Model V21,ESRD V21 sex=2 -> CC48
D67,sex,2,,,override,48,CMS-HCC ESRD Model V21,ESRD V21 sex=2 -> CC48
J410,age,,,17,override,112,CMS-HCC ESRD Model V21,ESRD V21 age<18 -> CC112
J411,age,,,17,override,112,CMS-HCC ESRD Model V21,ESRD V21 age<18 -> CC112
J418,age,,,17,override,112,CMS-HCC ESRD Model V21,ESRD V21 age<18 -> CC112
J42,age,,,17,override,112,CMS-HCC ESRD Model V21,ESRD V21 age<18 -> CC112
J430,age,,,17,override,112,CMS-HCC ESRD Model V21,ESRD V21 age<18 -> CC112
J431,age,,,17,override,112,CMS-HCC ESRD Model V21,ESRD V21 age<18 -> CC112
J432,age,,,17,override,112,CMS-HCC ESRD Model V21,ESRD V21 age<18 -> CC112
J438,age,,,17,override,112,CMS-HCC ESRD Model V21,ESRD V21 age<18 -> CC112
J439,age,,,17,override,112,CMS-HCC ESRD Model V21,ESRD V21 age<18 -> CC112
J440,age,,,17,override,112,CMS-HCC ESRD Model V21,ESRD V21 age<18 -> CC112
J441,age,,,17,override,112,CMS-HCC ESRD Model V21,ESRD V21 age<18 -> CC112
J449,age,,,17,override,112,CMS-HCC ESRD Model V21,ESRD V21 age<18 -> CC112
J982,age,,,17,override,112,CMS-HCC ESRD Model V21,ESRD V21 age<18 -> CC112
J983,age,,,17,override,112,CMS-HCC ESRD Model V21,ESRD V21 age<18 -> CC112
J4481,age,,,17,override,112,CMS-HCC ESRD Model V21,ESRD V21 age<18 -> CC112
J4489,age,,,17,override,112,CMS-HCC ESRD Model V21,ESRD V21 age<18 -> CC112
F3481,age,,19,5,invalid,,CMS-HCC ESRD Model V21,ESRD V21 invalid outside age 6-18 -> invalid
